<?xml version="1.0" encoding="UTF-8"?>
<?xml-model href="http://www.tei-c.org/release/xml/tei/custom/schema/relaxng/tei_all.rng" type="application/xml" schematypens="http://relaxng.org/ns/structure/1.0"?>
<?xml-model href="http://www.tei-c.org/release/xml/tei/custom/schema/relaxng/tei_all.rng" type="application/xml"
	schematypens="http://purl.oclc.org/dsdl/schematron"?>
<TEI xmlns="http://www.tei-c.org/ns/1.0">
   <teiHeader>
      <fileDesc>
         <titleStmt>
            <title>Κώστας Καρυωτάκης, Σονέτο</title>
         </titleStmt>
         <publicationStmt>
            <p>DiXiT Workshop 'Scholarly Digital Editions and Modern Greek Studies'</p>
         </publicationStmt>
         <sourceDesc>
            <p>Workshop materials</p>
         </sourceDesc>
      </fileDesc>
   </teiHeader>
   <text>
      <body>
         <div type="sonnet">
            <lg type="quatrain">
               <l>Τα φύλλα κιτρινίσανε και, πέφτοντας στο χώμα,</l>
               <l>ξεχύνονται σ’ αφάνταστο, σ’ απότρελο χορό.</l>
               <l>Τα λουλουδάκια κλείσανε το θεϊκό τους στόμα</l>
               <l>και γέρνουν άθελα στη γη, κοπάδι θλιβερό.</l>
            </lg>
            <lg type="quatrain">
               <l>Ο ήλιος που άλλοτε, που χθες, προχθές ακόμα,</l>
               <l>εσκόρπιζε το γέλιο του, ψηλά, το λαμπερό,</l>
               <l>σκυθρώπασε, και έπνιξε τ’ ολόχρυσό του χρώμα</l>
               <l>στα μολυβένια σύννεφα που πέρα εκεί θωρώ.</l>
            </lg>
            <lg type="tercet">
               <l>Η θάλασσα εφούσκωσε κι εθέριεψε το κύμα,</l>
               <l>στο πεζοδρόμι η βροχή χτυπάει ρυθμικά</l>
               <l>και του διαβάτη βιαστικό ακούγεται το βήμα.</l>
            </lg>
            <lg type="tercet">
               <l>Απ’ τη βροχή ετρόμαξαν τ’ αθώα χελιδόνια</l>
               <l>και σαν πετάνε φαίνεται πως λένε μυστικά:</l>
               <l>«Εμπρός, εμπρός, να φύγουμε, θ’ αρχίσουνε τα χιόνια.</l>
            </lg>
         </div>
      </body>
   </text>
</TEI>
